{"problem_1-1": 0.8515625, "problem_2-1": 2, "problem_2-2": 0.87612, "problem_2-3": 1}
