{"problem_1-1": 0.7911458015441895, "problem_2-1": 2, "problem_2-2": 0.18768, "problem_2-3": null}